<?xml version="1.0" encoding="utf-8"?>
<Dependencies>
  <ProductDependencies>
  </ProductDependencies>
  <ToolsetDependencies>
    <Dependency Name="Microsoft.DotNet.Arcade.Sdk" Version="8.0.0-beta.22456.4">
      <Uri>https://github.com/dotnet/arcade</Uri>
      <Sha>4f864b2841b3317bdfc516ead0ba6e7856fab575</Sha>
    </Dependency>
    <Dependency Name="Microsoft.DotNet.Helix.Sdk" Version="8.0.0-beta.22456.4">
      <Uri>https://github.com/dotnet/arcade</Uri>
      <Sha>4f864b2841b3317bdfc516ead0ba6e7856fab575</Sha>
    </Dependency>
  </ToolsetDependencies>
</Dependencies>
